<?xml version="1.0"?>
<configbot>    
    <ruta>C:\Users\mauricio.asencio\Documents\pago\config</ruta>
    <ruta-reporte>C:\Users\mauricio.asencio\Desktop</ruta-reporte>
    <ruta-descarga>C:\Users\mauricio.asencio\Downloads\</ruta-descarga>
    <archivo>Config.xlsx</archivo>
    <archivo-gsuite>Formulario.xlsx</archivo-gsuite>
    <archivo-envio>Reporte.xlsx</archivo-envio>
    <url-sheet>https://docs.google.com/spreadsheets/d/105vfzUxQ7VutiY9eLTndsKJJKCHVo4Ll5qIIHiTQ4sw/edit#gid=961763883</url-sheet>
    <archivo-cajas>Relación de cajeros y cajas - Pago en linea.xls</archivo-cajas>  
</configbot>
